Description,Category,Supplier,INR
005 FLYING ELEPHENT,Animal,K V Impex,38
225-6 SMALL ANIMAL,Animal,K V Impex,36
335-12 ANIMAL SET,Animal,K V Impex,90
335-6 ANIMAL SET,Animal,K V Impex,45
292D 7 PCS ANIMAL SET,Animal,K V Impex,45
8008 BLOCKS,Blocks,K V Impex,72
A-2 BLOCKS,Blocks,K V Impex,60
A-4 BLOCKS,Blocks,K V Impex,78
A-5 BLOCKS,Blocks,K V Impex,150
A-1 BLOCKS,Blocks,K V Impex,32
C-1 BLOCKS,Blocks,K V Impex,82
S-01 BLOCKS,Blocks,K V Impex,100
T1 BLOCK,Blocks,K V Impex,70
T2 BLOCK,Blocks,K V Impex,130
C-2 BLOCKS,Blocks,K V Impex,150
DC-04 BLOCKS,Blocks,K V Impex,75
918 A/B/C LIGHT BUBBLE GUN,Bubble,K V Impex,50
818-3 BEN10 BUBBLING GUN,Bubble,K V Impex,33
222 HEROES BUBBLE,Bubble,K V Impex,22
620 A-B-C DOLL,Doll,K V Impex,65
518 A-B-C DOLL,Doll,K V Impex,70
6088 BETTY DOLL,Doll,K V Impex,66
7076 SWEET GIRL,Doll,K V Impex,28
8088 BEUTIFUL DOLL SET,Doll,K V Impex,55
6623 PRETTY DOLL,Doll,K V Impex,105
2088 VOGUE GIRL,Doll,K V Impex,46
218A FASHION DOLL,Doll,K V Impex,55
5566 FASHION DOLL WITH MUSIC,Doll,K V Impex,165
612 HAPPY COOL DOLL,Doll,K V Impex,66
977-4 FITMENT SET,Doll Set,K V Impex,90
877-3 FURNITURE SET,Doll Set,K V Impex,69
999-12 JEWELERY SMALL DOLL SET,Doll Set,K V Impex,82
2045 BEUTIFUL SET,Doll Set,K V Impex,125
007 GUN,Gun,K V Impex,57
139 PING PONG GUN,Gun,K V Impex,52
143- PING PONG GUN,Gun,K V Impex,80
169 BIG ANGRY BUDDY GUN,Gun,K V Impex,115
882 PING PONG GUN WITH GOGGLES,Gun,K V Impex,58
2911 POLICE SUPER POWER GUN-COLOUR,Gun,K V Impex,130
1906- POLICE TEAM GUN,Gun,K V Impex,28
7799 SHOOT GUN,Gun,K V Impex,85
8801 SHOOT GUN,Gun,K V Impex,85
8299A GUN WITH ANIMAL,Gun,K V Impex,60
168 ANGRY BUDDY GUN,Gun,K V Impex,70
020-4 GUN SET,Gun,K V Impex,70
9299A COMBAT TOY GUN,Gun,K V Impex,78
9288 SHOOTER GUN,Gun,K V Impex,68
9277 SHOOT GUN,Gun,K V Impex,58
121-122-123 MIX GUN,Gun,K V Impex,58
124 A-B ANIMAL GUN SET,Gun,K V Impex,63
221 SHOOT GUN WITH LAUNCHER,Gun,K V Impex,52
1911- COLOUR GUN,Gun,K V Impex,80
8007-8-9-10 FOOD PARTY SET,Kitchen Set,K V Impex,85
666-27 KITCHEN SET,Kitchen Set,K V Impex,39
016 FRI TRUCK PVC,Non RC Car,K V Impex,90
017 FRI TURCK W/POLICE CAR,Non RC Car,K V Impex,100
030 HUMMER CAR,Non RC Car,K V Impex,50
2020 3'PCS OIL TANKER - COLOURFUL,Non RC Car,K V Impex,75
184-4 BAMBOO CAR,Non RC Car,K V Impex,75
369-21 BIKE- 192 PCS,Non RC Car,K V Impex,45
588-13 AUTORICKSHAW,Non RC Car,K V Impex,50
589 BIG SUPER CAR-PVC,Non RC Car,K V Impex,82
667-10 POLICE CAR,Non RC Car,K V Impex,55
6926 - LAUNCHER CAR,Non RC Car,K V Impex,30
662-TRANSFORMER CAR,Non RC Car,K V Impex,55
R-2 RACKET,Others,K V Impex,75
202 CRICKET BAT,Others,K V Impex,48
F-12 FISHING GAME,Others,K V Impex,42
011 SUPER BOWLING FUNNY GAME,Others,K V Impex,40
RC-04 RATTLE 4 PC SET,Rattle,K V Impex,70
RS-03 RATTLE SET,Rattle,K V Impex,42
19004B TRAIN SET,Train,K V Impex,28
98 FERICTION CAR,,,125
